磊摹备, 老磊, 窜困搁利(С)寸 概概啊(父盔),窜困搁利(С)寸 傈技啊(父盔), 免积磊 荐
备肺备,2017-01,518,425,322
备肺备,2017-02,519,415,266
备肺备,2017-03,525,410,287
备肺备,2017-04,518,410,281
备肺备,2017-05,544,424,270
备肺备,2017-06,542,412,248
备肺备,2017-07,555,440,226
备肺备,2017-08,538,387,251
备肺备,2017-09,547,379,262
备肺备,2017-10,563,385,256
备肺备,2017-11,560,434,254
备肺备,2017-12,586,385,216
备肺备,2018-01,590,434,280
备肺备,2018-02,592,436,200
备肺备,2018-03,575,436,243
备肺备,2018-04,572,397,199
备肺备,2018-05,584,423,225
备肺备,2018-06,599,435,223
备肺备,2018-07,624,428,241
备肺备,2018-08,605,440,222
备肺备,2018-09,593,452,222
备肺备,2018-10,594,443,217
备肺备,2018-11,623,453,215
备肺备,2018-12,600,476,171
备肺备,2019-01,600,471,234
备肺备,2019-02,572,442,198
备肺备,2019-03,588,437,219
备肺备,2019-04,604,442,188
备肺备,2019-05,665,448,231
备肺备,2019-06,656,436,190
备肺备,2019-07,711,448,206
备肺备,2019-08,735,412,180
备肺备,2019-09,709,417,224
备肺备,2019-10,744,438,205
备肺备,2019-11,760,467,191
备肺备,2019-12,735,426,194
备肺备,2020-01,722,454,234
备肺备,2020-02,707,462,179
备肺备,2020-03,689,466,205
备肺备,2020-04,709,434,160
备肺备,2020-05,718,459,174
备肺备,2020-06,797,457,200
备肺备,2020-07,823,477,215
备肺备,2020-08,821,492,171
备肺备,2020-09,834,500,194
备肺备,2020-10,772,504,209
备肺备,2020-11,742,528,159
备肺备,2020-12,884,556,169
备肺备,2021-01,915,544,185
备肺备,2021-02,905,529,166
备肺备,2021-03,930,539,212
备肺备,2021-04,913,526,194
备肺备,2021-05,956,559,187
备肺备,2021-06,832,544,203
备肺备,2021-07,1021,552,184
备肺备,2021-08,1031,499,208
备肺备,2021-09,1029,436,174
备肺备,2021-10,1003,483,181
备肺备,2021-11,999,539,179
备肺备,2021-12,910,452,166
